model,condition,severity,accuracy,n,macro_f1
ResNet,disease,0.25,0.8365384615384616,104,0.8041259152370265
ResNet,disease,0.5,0.7788461538461539,104,0.7166305916305916
ResNet,disease,0.75,0.7692307692307693,104,0.7294853294853295
ResNet,healthy,0.25,0.7115384615384616,104,0.6847148736037625
ResNet,healthy,0.5,0.5961538461538461,104,0.49285016059209613
ResNet,healthy,0.75,0.5288461538461539,104,0.4325154394414357
ResNet,original,0.0,0.8173076923076923,104,0.7743893966116189
ResNet,random,0.25,0.75,104,0.6915824915824916
ResNet,random,0.5,0.6057692307692307,104,0.5349845121461663
ResNet,random,0.75,0.5576923076923077,104,0.5136209029066172
ViT,disease,0.25,0.9615384615384616,104,0.9590964590964591
ViT,disease,0.5,0.9326923076923077,104,0.926037851037851
ViT,disease,0.75,0.875,104,0.8043573490002062
ViT,healthy,0.25,0.9134615384615384,104,0.8888888888888888
ViT,healthy,0.5,0.8365384615384616,104,0.7983096268810556
ViT,healthy,0.75,0.7403846153846154,104,0.6422171018945212
ViT,original,0.0,0.9807692307692307,104,0.9786324786324786
ViT,random,0.25,0.9711538461538461,104,0.9688644688644689
ViT,random,0.5,0.9423076923076923,104,0.9090241034685478
ViT,random,0.75,0.8365384615384616,104,0.8110636277302945
