image_idx,true_label,model,condition,severity,pred,correct
866,0,ViT,original,0.0,0,1
866,0,ResNet,original,0.0,0,1
866,0,ViT,disease,0.25,0,1
866,0,ResNet,disease,0.25,0,1
866,0,ViT,random,0.25,0,1
866,0,ResNet,random,0.25,0,1
866,0,ViT,healthy,0.25,0,1
866,0,ResNet,healthy,0.25,0,1
866,0,ViT,disease,0.5,0,1
866,0,ResNet,disease,0.5,0,1
866,0,ViT,random,0.5,0,1
866,0,ResNet,random,0.5,13,0
866,0,ViT,healthy,0.5,0,1
866,0,ResNet,healthy,0.5,13,0
866,0,ViT,disease,0.75,0,1
866,0,ResNet,disease,0.75,0,1
866,0,ViT,random,0.75,0,1
866,0,ResNet,random,0.75,0,1
866,0,ViT,healthy,0.75,3,0
866,0,ResNet,healthy,0.75,13,0
581,0,ViT,original,0.0,0,1
581,0,ResNet,original,0.0,0,1
581,0,ViT,disease,0.25,0,1
581,0,ResNet,disease,0.25,0,1
581,0,ViT,random,0.25,0,1
581,0,ResNet,random,0.25,0,1
581,0,ViT,healthy,0.25,0,1
581,0,ResNet,healthy,0.25,0,1
581,0,ViT,disease,0.5,0,1
581,0,ResNet,disease,0.5,0,1
581,0,ViT,random,0.5,0,1
581,0,ResNet,random,0.5,0,1
581,0,ViT,healthy,0.5,0,1
581,0,ResNet,healthy,0.5,0,1
581,0,ViT,disease,0.75,0,1
581,0,ResNet,disease,0.75,0,1
581,0,ViT,random,0.75,0,1
581,0,ResNet,random,0.75,0,1
581,0,ViT,healthy,0.75,0,1
581,0,ResNet,healthy,0.75,0,1
567,0,ViT,original,0.0,0,1
567,0,ResNet,original,0.0,0,1
567,0,ViT,disease,0.25,0,1
567,0,ResNet,disease,0.25,0,1
567,0,ViT,random,0.25,0,1
567,0,ResNet,random,0.25,0,1
567,0,ViT,healthy,0.25,0,1
567,0,ResNet,healthy,0.25,0,1
567,0,ViT,disease,0.5,0,1
567,0,ResNet,disease,0.5,0,1
567,0,ViT,random,0.5,0,1
567,0,ResNet,random,0.5,0,1
567,0,ViT,healthy,0.5,0,1
567,0,ResNet,healthy,0.5,3,0
567,0,ViT,disease,0.75,0,1
567,0,ResNet,disease,0.75,0,1
567,0,ViT,random,0.75,0,1
567,0,ResNet,random,0.75,3,0
567,0,ViT,healthy,0.75,3,0
567,0,ResNet,healthy,0.75,3,0
785,0,ViT,original,0.0,0,1
785,0,ResNet,original,0.0,25,0
785,0,ViT,disease,0.25,0,1
785,0,ResNet,disease,0.25,25,0
785,0,ViT,random,0.25,0,1
785,0,ResNet,random,0.25,25,0
785,0,ViT,healthy,0.25,5,0
785,0,ResNet,healthy,0.25,25,0
785,0,ViT,disease,0.5,0,1
785,0,ResNet,disease,0.5,25,0
785,0,ViT,random,0.5,5,0
785,0,ResNet,random,0.5,25,0
785,0,ViT,healthy,0.5,5,0
785,0,ResNet,healthy,0.5,25,0
785,0,ViT,disease,0.75,0,1
785,0,ResNet,disease,0.75,25,0
785,0,ViT,random,0.75,5,0
785,0,ResNet,random,0.75,25,0
785,0,ViT,healthy,0.75,5,0
785,0,ResNet,healthy,0.75,0,1
794,1,ViT,original,0.0,1,1
794,1,ResNet,original,0.0,1,1
794,1,ViT,disease,0.25,1,1
794,1,ResNet,disease,0.25,1,1
794,1,ViT,random,0.25,1,1
794,1,ResNet,random,0.25,1,1
794,1,ViT,healthy,0.25,1,1
794,1,ResNet,healthy,0.25,1,1
794,1,ViT,disease,0.5,1,1
794,1,ResNet,disease,0.5,1,1
794,1,ViT,random,0.5,1,1
794,1,ResNet,random,0.5,1,1
794,1,ViT,healthy,0.5,1,1
794,1,ResNet,healthy,0.5,1,1
794,1,ViT,disease,0.75,1,1
794,1,ResNet,disease,0.75,1,1
794,1,ViT,random,0.75,1,1
794,1,ResNet,random,0.75,3,0
794,1,ViT,healthy,0.75,1,1
794,1,ResNet,healthy,0.75,0,0
522,1,ViT,original,0.0,1,1
522,1,ResNet,original,0.0,12,0
522,1,ViT,disease,0.25,1,1
522,1,ResNet,disease,0.25,12,0
522,1,ViT,random,0.25,1,1
522,1,ResNet,random,0.25,12,0
522,1,ViT,healthy,0.25,1,1
522,1,ResNet,healthy,0.25,12,0
522,1,ViT,disease,0.5,1,1
522,1,ResNet,disease,0.5,12,0
522,1,ViT,random,0.5,1,1
522,1,ResNet,random,0.5,12,0
522,1,ViT,healthy,0.5,1,1
522,1,ResNet,healthy,0.5,12,0
522,1,ViT,disease,0.75,1,1
522,1,ResNet,disease,0.75,12,0
522,1,ViT,random,0.75,1,1
522,1,ResNet,random,0.75,12,0
522,1,ViT,healthy,0.75,1,1
522,1,ResNet,healthy,0.75,13,0
576,1,ViT,original,0.0,1,1
576,1,ResNet,original,0.0,1,1
576,1,ViT,disease,0.25,1,1
576,1,ResNet,disease,0.25,1,1
576,1,ViT,random,0.25,1,1
576,1,ResNet,random,0.25,1,1
576,1,ViT,healthy,0.25,1,1
576,1,ResNet,healthy,0.25,1,1
576,1,ViT,disease,0.5,1,1
576,1,ResNet,disease,0.5,1,1
576,1,ViT,random,0.5,1,1
576,1,ResNet,random,0.5,1,1
576,1,ViT,healthy,0.5,1,1
576,1,ResNet,healthy,0.5,1,1
576,1,ViT,disease,0.75,1,1
576,1,ResNet,disease,0.75,1,1
576,1,ViT,random,0.75,1,1
576,1,ResNet,random,0.75,1,1
576,1,ViT,healthy,0.75,9,0
576,1,ResNet,healthy,0.75,0,0
502,1,ViT,original,0.0,1,1
502,1,ResNet,original,0.0,1,1
502,1,ViT,disease,0.25,1,1
502,1,ResNet,disease,0.25,1,1
502,1,ViT,random,0.25,1,1
502,1,ResNet,random,0.25,1,1
502,1,ViT,healthy,0.25,1,1
502,1,ResNet,healthy,0.25,1,1
502,1,ViT,disease,0.5,1,1
502,1,ResNet,disease,0.5,1,1
502,1,ViT,random,0.5,1,1
502,1,ResNet,random,0.5,1,1
502,1,ViT,healthy,0.5,1,1
502,1,ResNet,healthy,0.5,1,1
502,1,ViT,disease,0.75,1,1
502,1,ResNet,disease,0.75,1,1
502,1,ViT,random,0.75,1,1
502,1,ResNet,random,0.75,1,1
502,1,ViT,healthy,0.75,1,1
502,1,ResNet,healthy,0.75,1,1
633,2,ViT,original,0.0,2,1
633,2,ResNet,original,0.0,2,1
633,2,ViT,disease,0.25,2,1
633,2,ResNet,disease,0.25,2,1
633,2,ViT,random,0.25,2,1
633,2,ResNet,random,0.25,2,1
633,2,ViT,healthy,0.25,2,1
633,2,ResNet,healthy,0.25,2,1
633,2,ViT,disease,0.5,2,1
633,2,ResNet,disease,0.5,2,1
633,2,ViT,random,0.5,2,1
633,2,ResNet,random,0.5,2,1
633,2,ViT,healthy,0.5,2,1
633,2,ResNet,healthy,0.5,2,1
633,2,ViT,disease,0.75,2,1
633,2,ResNet,disease,0.75,2,1
633,2,ViT,random,0.75,2,1
633,2,ResNet,random,0.75,2,1
633,2,ViT,healthy,0.75,2,1
633,2,ResNet,healthy,0.75,0,0
488,2,ViT,original,0.0,2,1
488,2,ResNet,original,0.0,2,1
488,2,ViT,disease,0.25,2,1
488,2,ResNet,disease,0.25,2,1
488,2,ViT,random,0.25,2,1
488,2,ResNet,random,0.25,2,1
488,2,ViT,healthy,0.25,2,1
488,2,ResNet,healthy,0.25,2,1
488,2,ViT,disease,0.5,2,1
488,2,ResNet,disease,0.5,2,1
488,2,ViT,random,0.5,2,1
488,2,ResNet,random,0.5,2,1
488,2,ViT,healthy,0.5,2,1
488,2,ResNet,healthy,0.5,2,1
488,2,ViT,disease,0.75,2,1
488,2,ResNet,disease,0.75,2,1
488,2,ViT,random,0.75,2,1
488,2,ResNet,random,0.75,2,1
488,2,ViT,healthy,0.75,2,1
488,2,ResNet,healthy,0.75,2,1
380,2,ViT,original,0.0,2,1
380,2,ResNet,original,0.0,2,1
380,2,ViT,disease,0.25,2,1
380,2,ResNet,disease,0.25,2,1
380,2,ViT,random,0.25,2,1
380,2,ResNet,random,0.25,2,1
380,2,ViT,healthy,0.25,2,1
380,2,ResNet,healthy,0.25,2,1
380,2,ViT,disease,0.5,2,1
380,2,ResNet,disease,0.5,2,1
380,2,ViT,random,0.5,2,1
380,2,ResNet,random,0.5,2,1
380,2,ViT,healthy,0.5,2,1
380,2,ResNet,healthy,0.5,2,1
380,2,ViT,disease,0.75,2,1
380,2,ResNet,disease,0.75,2,1
380,2,ViT,random,0.75,2,1
380,2,ResNet,random,0.75,2,1
380,2,ViT,healthy,0.75,2,1
380,2,ResNet,healthy,0.75,2,1
339,2,ViT,original,0.0,2,1
339,2,ResNet,original,0.0,2,1
339,2,ViT,disease,0.25,2,1
339,2,ResNet,disease,0.25,2,1
339,2,ViT,random,0.25,2,1
339,2,ResNet,random,0.25,2,1
339,2,ViT,healthy,0.25,2,1
339,2,ResNet,healthy,0.25,2,1
339,2,ViT,disease,0.5,2,1
339,2,ResNet,disease,0.5,1,0
339,2,ViT,random,0.5,2,1
339,2,ResNet,random,0.5,2,1
339,2,ViT,healthy,0.5,2,1
339,2,ResNet,healthy,0.5,2,1
339,2,ViT,disease,0.75,2,1
339,2,ResNet,disease,0.75,1,0
339,2,ViT,random,0.75,2,1
339,2,ResNet,random,0.75,2,1
339,2,ViT,healthy,0.75,2,1
339,2,ResNet,healthy,0.75,2,1
709,5,ViT,original,0.0,5,1
709,5,ResNet,original,0.0,5,1
709,5,ViT,disease,0.25,5,1
709,5,ResNet,disease,0.25,5,1
709,5,ViT,random,0.25,5,1
709,5,ResNet,random,0.25,5,1
709,5,ViT,healthy,0.25,5,1
709,5,ResNet,healthy,0.25,5,1
709,5,ViT,disease,0.5,5,1
709,5,ResNet,disease,0.5,5,1
709,5,ViT,random,0.5,5,1
709,5,ResNet,random,0.5,5,1
709,5,ViT,healthy,0.5,5,1
709,5,ResNet,healthy,0.5,5,1
709,5,ViT,disease,0.75,5,1
709,5,ResNet,disease,0.75,5,1
709,5,ViT,random,0.75,5,1
709,5,ResNet,random,0.75,5,1
709,5,ViT,healthy,0.75,5,1
709,5,ResNet,healthy,0.75,5,1
907,5,ViT,original,0.0,5,1
907,5,ResNet,original,0.0,5,1
907,5,ViT,disease,0.25,5,1
907,5,ResNet,disease,0.25,5,1
907,5,ViT,random,0.25,5,1
907,5,ResNet,random,0.25,25,0
907,5,ViT,healthy,0.25,5,1
907,5,ResNet,healthy,0.25,5,1
907,5,ViT,disease,0.5,5,1
907,5,ResNet,disease,0.5,5,1
907,5,ViT,random,0.5,5,1
907,5,ResNet,random,0.5,25,0
907,5,ViT,healthy,0.5,5,1
907,5,ResNet,healthy,0.5,25,0
907,5,ViT,disease,0.75,5,1
907,5,ResNet,disease,0.75,5,1
907,5,ViT,random,0.75,5,1
907,5,ResNet,random,0.75,25,0
907,5,ViT,healthy,0.75,5,1
907,5,ResNet,healthy,0.75,25,0
183,5,ViT,original,0.0,5,1
183,5,ResNet,original,0.0,5,1
183,5,ViT,disease,0.25,5,1
183,5,ResNet,disease,0.25,5,1
183,5,ViT,random,0.25,5,1
183,5,ResNet,random,0.25,5,1
183,5,ViT,healthy,0.25,5,1
183,5,ResNet,healthy,0.25,5,1
183,5,ViT,disease,0.5,5,1
183,5,ResNet,disease,0.5,5,1
183,5,ViT,random,0.5,5,1
183,5,ResNet,random,0.5,5,1
183,5,ViT,healthy,0.5,5,1
183,5,ResNet,healthy,0.5,5,1
183,5,ViT,disease,0.75,5,1
183,5,ResNet,disease,0.75,5,1
183,5,ViT,random,0.75,5,1
183,5,ResNet,random,0.75,5,1
183,5,ViT,healthy,0.75,5,1
183,5,ResNet,healthy,0.75,5,1
983,5,ViT,original,0.0,5,1
983,5,ResNet,original,0.0,5,1
983,5,ViT,disease,0.25,5,1
983,5,ResNet,disease,0.25,5,1
983,5,ViT,random,0.25,5,1
983,5,ResNet,random,0.25,5,1
983,5,ViT,healthy,0.25,5,1
983,5,ResNet,healthy,0.25,5,1
983,5,ViT,disease,0.5,5,1
983,5,ResNet,disease,0.5,5,1
983,5,ViT,random,0.5,5,1
983,5,ResNet,random,0.5,5,1
983,5,ViT,healthy,0.5,5,1
983,5,ResNet,healthy,0.5,5,1
983,5,ViT,disease,0.75,5,1
983,5,ResNet,disease,0.75,5,1
983,5,ViT,random,0.75,5,1
983,5,ResNet,random,0.75,5,1
983,5,ViT,healthy,0.75,5,1
983,5,ResNet,healthy,0.75,5,1
612,7,ViT,original,0.0,7,1
612,7,ResNet,original,0.0,7,1
612,7,ViT,disease,0.25,7,1
612,7,ResNet,disease,0.25,7,1
612,7,ViT,random,0.25,7,1
612,7,ResNet,random,0.25,7,1
612,7,ViT,healthy,0.25,7,1
612,7,ResNet,healthy,0.25,7,1
612,7,ViT,disease,0.5,7,1
612,7,ResNet,disease,0.5,7,1
612,7,ViT,random,0.5,7,1
612,7,ResNet,random,0.5,7,1
612,7,ViT,healthy,0.5,7,1
612,7,ResNet,healthy,0.5,7,1
612,7,ViT,disease,0.75,7,1
612,7,ResNet,disease,0.75,7,1
612,7,ViT,random,0.75,7,1
612,7,ResNet,random,0.75,7,1
612,7,ViT,healthy,0.75,7,1
612,7,ResNet,healthy,0.75,7,1
1069,7,ViT,original,0.0,7,1
1069,7,ResNet,original,0.0,7,1
1069,7,ViT,disease,0.25,7,1
1069,7,ResNet,disease,0.25,7,1
1069,7,ViT,random,0.25,7,1
1069,7,ResNet,random,0.25,7,1
1069,7,ViT,healthy,0.25,7,1
1069,7,ResNet,healthy,0.25,7,1
1069,7,ViT,disease,0.5,7,1
1069,7,ResNet,disease,0.5,7,1
1069,7,ViT,random,0.5,7,1
1069,7,ResNet,random,0.5,7,1
1069,7,ViT,healthy,0.5,7,1
1069,7,ResNet,healthy,0.5,7,1
1069,7,ViT,disease,0.75,7,1
1069,7,ResNet,disease,0.75,7,1
1069,7,ViT,random,0.75,7,1
1069,7,ResNet,random,0.75,7,1
1069,7,ViT,healthy,0.75,7,1
1069,7,ResNet,healthy,0.75,7,1
597,7,ViT,original,0.0,7,1
597,7,ResNet,original,0.0,7,1
597,7,ViT,disease,0.25,7,1
597,7,ResNet,disease,0.25,7,1
597,7,ViT,random,0.25,7,1
597,7,ResNet,random,0.25,7,1
597,7,ViT,healthy,0.25,7,1
597,7,ResNet,healthy,0.25,9,0
597,7,ViT,disease,0.5,7,1
597,7,ResNet,disease,0.5,8,0
597,7,ViT,random,0.5,7,1
597,7,ResNet,random,0.5,7,1
597,7,ViT,healthy,0.5,7,1
597,7,ResNet,healthy,0.5,9,0
597,7,ViT,disease,0.75,7,1
597,7,ResNet,disease,0.75,8,0
597,7,ViT,random,0.75,7,1
597,7,ResNet,random,0.75,8,0
597,7,ViT,healthy,0.75,7,1
597,7,ResNet,healthy,0.75,9,0
1011,7,ViT,original,0.0,7,1
1011,7,ResNet,original,0.0,7,1
1011,7,ViT,disease,0.25,7,1
1011,7,ResNet,disease,0.25,7,1
1011,7,ViT,random,0.25,7,1
1011,7,ResNet,random,0.25,7,1
1011,7,ViT,healthy,0.25,7,1
1011,7,ResNet,healthy,0.25,7,1
1011,7,ViT,disease,0.5,7,1
1011,7,ResNet,disease,0.5,7,1
1011,7,ViT,random,0.5,7,1
1011,7,ResNet,random,0.5,7,1
1011,7,ViT,healthy,0.5,7,1
1011,7,ResNet,healthy,0.5,7,1
1011,7,ViT,disease,0.75,7,1
1011,7,ResNet,disease,0.75,7,1
1011,7,ViT,random,0.75,7,1
1011,7,ResNet,random,0.75,7,1
1011,7,ViT,healthy,0.75,7,1
1011,7,ResNet,healthy,0.75,9,0
847,8,ViT,original,0.0,8,1
847,8,ResNet,original,0.0,8,1
847,8,ViT,disease,0.25,8,1
847,8,ResNet,disease,0.25,8,1
847,8,ViT,random,0.25,8,1
847,8,ResNet,random,0.25,8,1
847,8,ViT,healthy,0.25,8,1
847,8,ResNet,healthy,0.25,8,1
847,8,ViT,disease,0.5,8,1
847,8,ResNet,disease,0.5,8,1
847,8,ViT,random,0.5,8,1
847,8,ResNet,random,0.5,8,1
847,8,ViT,healthy,0.5,8,1
847,8,ResNet,healthy,0.5,8,1
847,8,ViT,disease,0.75,8,1
847,8,ResNet,disease,0.75,8,1
847,8,ViT,random,0.75,8,1
847,8,ResNet,random,0.75,8,1
847,8,ViT,healthy,0.75,8,1
847,8,ResNet,healthy,0.75,8,1
1019,8,ViT,original,0.0,8,1
1019,8,ResNet,original,0.0,8,1
1019,8,ViT,disease,0.25,8,1
1019,8,ResNet,disease,0.25,8,1
1019,8,ViT,random,0.25,8,1
1019,8,ResNet,random,0.25,8,1
1019,8,ViT,healthy,0.25,8,1
1019,8,ResNet,healthy,0.25,8,1
1019,8,ViT,disease,0.5,8,1
1019,8,ResNet,disease,0.5,8,1
1019,8,ViT,random,0.5,8,1
1019,8,ResNet,random,0.5,8,1
1019,8,ViT,healthy,0.5,8,1
1019,8,ResNet,healthy,0.5,8,1
1019,8,ViT,disease,0.75,8,1
1019,8,ResNet,disease,0.75,8,1
1019,8,ViT,random,0.75,8,1
1019,8,ResNet,random,0.75,8,1
1019,8,ViT,healthy,0.75,8,1
1019,8,ResNet,healthy,0.75,8,1
513,8,ViT,original,0.0,8,1
513,8,ResNet,original,0.0,8,1
513,8,ViT,disease,0.25,8,1
513,8,ResNet,disease,0.25,8,1
513,8,ViT,random,0.25,8,1
513,8,ResNet,random,0.25,8,1
513,8,ViT,healthy,0.25,8,1
513,8,ResNet,healthy,0.25,8,1
513,8,ViT,disease,0.5,8,1
513,8,ResNet,disease,0.5,8,1
513,8,ViT,random,0.5,8,1
513,8,ResNet,random,0.5,8,1
513,8,ViT,healthy,0.5,8,1
513,8,ResNet,healthy,0.5,8,1
513,8,ViT,disease,0.75,8,1
513,8,ResNet,disease,0.75,8,1
513,8,ViT,random,0.75,8,1
513,8,ResNet,random,0.75,8,1
513,8,ViT,healthy,0.75,8,1
513,8,ResNet,healthy,0.75,8,1
967,8,ViT,original,0.0,8,1
967,8,ResNet,original,0.0,8,1
967,8,ViT,disease,0.25,8,1
967,8,ResNet,disease,0.25,8,1
967,8,ViT,random,0.25,8,1
967,8,ResNet,random,0.25,8,1
967,8,ViT,healthy,0.25,8,1
967,8,ResNet,healthy,0.25,8,1
967,8,ViT,disease,0.5,8,1
967,8,ResNet,disease,0.5,8,1
967,8,ViT,random,0.5,8,1
967,8,ResNet,random,0.5,8,1
967,8,ViT,healthy,0.5,8,1
967,8,ResNet,healthy,0.5,8,1
967,8,ViT,disease,0.75,8,1
967,8,ResNet,disease,0.75,8,1
967,8,ViT,random,0.75,8,1
967,8,ResNet,random,0.75,8,1
967,8,ViT,healthy,0.75,8,1
967,8,ResNet,healthy,0.75,8,1
770,9,ViT,original,0.0,8,0
770,9,ResNet,original,0.0,7,0
770,9,ViT,disease,0.25,8,0
770,9,ResNet,disease,0.25,9,1
770,9,ViT,random,0.25,8,0
770,9,ResNet,random,0.25,7,0
770,9,ViT,healthy,0.25,8,0
770,9,ResNet,healthy,0.25,9,1
770,9,ViT,disease,0.5,8,0
770,9,ResNet,disease,0.5,8,0
770,9,ViT,random,0.5,9,1
770,9,ResNet,random,0.5,8,0
770,9,ViT,healthy,0.5,8,0
770,9,ResNet,healthy,0.5,8,0
770,9,ViT,disease,0.75,8,0
770,9,ResNet,disease,0.75,8,0
770,9,ViT,random,0.75,8,0
770,9,ResNet,random,0.75,8,0
770,9,ViT,healthy,0.75,8,0
770,9,ResNet,healthy,0.75,8,0
638,9,ViT,original,0.0,7,0
638,9,ResNet,original,0.0,7,0
638,9,ViT,disease,0.25,7,0
638,9,ResNet,disease,0.25,7,0
638,9,ViT,random,0.25,7,0
638,9,ResNet,random,0.25,7,0
638,9,ViT,healthy,0.25,9,1
638,9,ResNet,healthy,0.25,7,0
638,9,ViT,disease,0.5,7,0
638,9,ResNet,disease,0.5,7,0
638,9,ViT,random,0.5,7,0
638,9,ResNet,random,0.5,7,0
638,9,ViT,healthy,0.5,7,0
638,9,ResNet,healthy,0.5,7,0
638,9,ViT,disease,0.75,7,0
638,9,ResNet,disease,0.75,7,0
638,9,ViT,random,0.75,9,1
638,9,ResNet,random,0.75,7,0
638,9,ViT,healthy,0.75,9,1
638,9,ResNet,healthy,0.75,7,0
299,9,ViT,original,0.0,9,1
299,9,ResNet,original,0.0,7,0
299,9,ViT,disease,0.25,9,1
299,9,ResNet,disease,0.25,7,0
299,9,ViT,random,0.25,9,1
299,9,ResNet,random,0.25,7,0
299,9,ViT,healthy,0.25,9,1
299,9,ResNet,healthy,0.25,7,0
299,9,ViT,disease,0.5,9,1
299,9,ResNet,disease,0.5,7,0
299,9,ViT,random,0.5,9,1
299,9,ResNet,random,0.5,7,0
299,9,ViT,healthy,0.5,9,1
299,9,ResNet,healthy,0.5,9,1
299,9,ViT,disease,0.75,7,0
299,9,ResNet,disease,0.75,7,0
299,9,ViT,random,0.75,9,1
299,9,ResNet,random,0.75,7,0
299,9,ViT,healthy,0.75,9,1
299,9,ResNet,healthy,0.75,9,1
240,9,ViT,original,0.0,9,1
240,9,ResNet,original,0.0,9,1
240,9,ViT,disease,0.25,9,1
240,9,ResNet,disease,0.25,9,1
240,9,ViT,random,0.25,9,1
240,9,ResNet,random,0.25,8,0
240,9,ViT,healthy,0.25,9,1
240,9,ResNet,healthy,0.25,8,0
240,9,ViT,disease,0.5,7,0
240,9,ResNet,disease,0.5,9,1
240,9,ViT,random,0.5,9,1
240,9,ResNet,random,0.5,8,0
240,9,ViT,healthy,0.5,9,1
240,9,ResNet,healthy,0.5,8,0
240,9,ViT,disease,0.75,7,0
240,9,ResNet,disease,0.75,9,1
240,9,ViT,random,0.75,9,1
240,9,ResNet,random,0.75,8,0
240,9,ViT,healthy,0.75,9,1
240,9,ResNet,healthy,0.75,8,0
978,11,ViT,original,0.0,11,1
978,11,ResNet,original,0.0,11,1
978,11,ViT,disease,0.25,11,1
978,11,ResNet,disease,0.25,11,1
978,11,ViT,random,0.25,11,1
978,11,ResNet,random,0.25,11,1
978,11,ViT,healthy,0.25,11,1
978,11,ResNet,healthy,0.25,11,1
978,11,ViT,disease,0.5,11,1
978,11,ResNet,disease,0.5,11,1
978,11,ViT,random,0.5,11,1
978,11,ResNet,random,0.5,11,1
978,11,ViT,healthy,0.5,11,1
978,11,ResNet,healthy,0.5,11,1
978,11,ViT,disease,0.75,11,1
978,11,ResNet,disease,0.75,11,1
978,11,ViT,random,0.75,11,1
978,11,ResNet,random,0.75,11,1
978,11,ViT,healthy,0.75,11,1
978,11,ResNet,healthy,0.75,11,1
319,11,ViT,original,0.0,11,1
319,11,ResNet,original,0.0,11,1
319,11,ViT,disease,0.25,11,1
319,11,ResNet,disease,0.25,11,1
319,11,ViT,random,0.25,11,1
319,11,ResNet,random,0.25,11,1
319,11,ViT,healthy,0.25,11,1
319,11,ResNet,healthy,0.25,0,0
319,11,ViT,disease,0.5,29,0
319,11,ResNet,disease,0.5,11,1
319,11,ViT,random,0.5,11,1
319,11,ResNet,random,0.5,0,0
319,11,ViT,healthy,0.5,11,1
319,11,ResNet,healthy,0.5,0,0
319,11,ViT,disease,0.75,29,0
319,11,ResNet,disease,0.75,11,1
319,11,ViT,random,0.75,11,1
319,11,ResNet,random,0.75,25,0
319,11,ViT,healthy,0.75,11,1
319,11,ResNet,healthy,0.75,25,0
626,11,ViT,original,0.0,11,1
626,11,ResNet,original,0.0,11,1
626,11,ViT,disease,0.25,11,1
626,11,ResNet,disease,0.25,11,1
626,11,ViT,random,0.25,11,1
626,11,ResNet,random,0.25,11,1
626,11,ViT,healthy,0.25,11,1
626,11,ResNet,healthy,0.25,11,1
626,11,ViT,disease,0.5,11,1
626,11,ResNet,disease,0.5,11,1
626,11,ViT,random,0.5,11,1
626,11,ResNet,random,0.5,12,0
626,11,ViT,healthy,0.5,11,1
626,11,ResNet,healthy,0.5,11,1
626,11,ViT,disease,0.75,11,1
626,11,ResNet,disease,0.75,11,1
626,11,ViT,random,0.75,11,1
626,11,ResNet,random,0.75,13,0
626,11,ViT,healthy,0.75,11,1
626,11,ResNet,healthy,0.75,26,0
831,11,ViT,original,0.0,11,1
831,11,ResNet,original,0.0,11,1
831,11,ViT,disease,0.25,11,1
831,11,ResNet,disease,0.25,11,1
831,11,ViT,random,0.25,11,1
831,11,ResNet,random,0.25,11,1
831,11,ViT,healthy,0.25,11,1
831,11,ResNet,healthy,0.25,11,1
831,11,ViT,disease,0.5,11,1
831,11,ResNet,disease,0.5,11,1
831,11,ViT,random,0.5,11,1
831,11,ResNet,random,0.5,11,1
831,11,ViT,healthy,0.5,11,1
831,11,ResNet,healthy,0.5,11,1
831,11,ViT,disease,0.75,11,1
831,11,ResNet,disease,0.75,11,1
831,11,ViT,random,0.75,11,1
831,11,ResNet,random,0.75,11,1
831,11,ViT,healthy,0.75,11,1
831,11,ResNet,healthy,0.75,11,1
643,12,ViT,original,0.0,12,1
643,12,ResNet,original,0.0,12,1
643,12,ViT,disease,0.25,12,1
643,12,ResNet,disease,0.25,12,1
643,12,ViT,random,0.25,12,1
643,12,ResNet,random,0.25,12,1
643,12,ViT,healthy,0.25,12,1
643,12,ResNet,healthy,0.25,12,1
643,12,ViT,disease,0.5,12,1
643,12,ResNet,disease,0.5,12,1
643,12,ViT,random,0.5,12,1
643,12,ResNet,random,0.5,12,1
643,12,ViT,healthy,0.5,12,1
643,12,ResNet,healthy,0.5,12,1
643,12,ViT,disease,0.75,12,1
643,12,ResNet,disease,0.75,12,1
643,12,ViT,random,0.75,12,1
643,12,ResNet,random,0.75,12,1
643,12,ViT,healthy,0.75,12,1
643,12,ResNet,healthy,0.75,12,1
134,12,ViT,original,0.0,12,1
134,12,ResNet,original,0.0,12,1
134,12,ViT,disease,0.25,12,1
134,12,ResNet,disease,0.25,12,1
134,12,ViT,random,0.25,12,1
134,12,ResNet,random,0.25,12,1
134,12,ViT,healthy,0.25,12,1
134,12,ResNet,healthy,0.25,12,1
134,12,ViT,disease,0.5,12,1
134,12,ResNet,disease,0.5,12,1
134,12,ViT,random,0.5,12,1
134,12,ResNet,random,0.5,12,1
134,12,ViT,healthy,0.5,12,1
134,12,ResNet,healthy,0.5,12,1
134,12,ViT,disease,0.75,12,1
134,12,ResNet,disease,0.75,12,1
134,12,ViT,random,0.75,12,1
134,12,ResNet,random,0.75,0,0
134,12,ViT,healthy,0.75,12,1
134,12,ResNet,healthy,0.75,12,1
193,12,ViT,original,0.0,12,1
193,12,ResNet,original,0.0,12,1
193,12,ViT,disease,0.25,12,1
193,12,ResNet,disease,0.25,12,1
193,12,ViT,random,0.25,12,1
193,12,ResNet,random,0.25,12,1
193,12,ViT,healthy,0.25,12,1
193,12,ResNet,healthy,0.25,12,1
193,12,ViT,disease,0.5,12,1
193,12,ResNet,disease,0.5,12,1
193,12,ViT,random,0.5,12,1
193,12,ResNet,random,0.5,12,1
193,12,ViT,healthy,0.5,12,1
193,12,ResNet,healthy,0.5,12,1
193,12,ViT,disease,0.75,12,1
193,12,ResNet,disease,0.75,12,1
193,12,ViT,random,0.75,12,1
193,12,ResNet,random,0.75,12,1
193,12,ViT,healthy,0.75,12,1
193,12,ResNet,healthy,0.75,12,1
112,12,ViT,original,0.0,12,1
112,12,ResNet,original,0.0,12,1
112,12,ViT,disease,0.25,12,1
112,12,ResNet,disease,0.25,12,1
112,12,ViT,random,0.25,12,1
112,12,ResNet,random,0.25,12,1
112,12,ViT,healthy,0.25,12,1
112,12,ResNet,healthy,0.25,12,1
112,12,ViT,disease,0.5,12,1
112,12,ResNet,disease,0.5,12,1
112,12,ViT,random,0.5,12,1
112,12,ResNet,random,0.5,12,1
112,12,ViT,healthy,0.5,12,1
112,12,ResNet,healthy,0.5,12,1
112,12,ViT,disease,0.75,12,1
112,12,ResNet,disease,0.75,12,1
112,12,ViT,random,0.75,12,1
112,12,ResNet,random,0.75,12,1
112,12,ViT,healthy,0.75,12,1
112,12,ResNet,healthy,0.75,12,1
197,13,ViT,original,0.0,13,1
197,13,ResNet,original,0.0,13,1
197,13,ViT,disease,0.25,13,1
197,13,ResNet,disease,0.25,13,1
197,13,ViT,random,0.25,13,1
197,13,ResNet,random,0.25,13,1
197,13,ViT,healthy,0.25,13,1
197,13,ResNet,healthy,0.25,13,1
197,13,ViT,disease,0.5,13,1
197,13,ResNet,disease,0.5,13,1
197,13,ViT,random,0.5,13,1
197,13,ResNet,random,0.5,13,1
197,13,ViT,healthy,0.5,13,1
197,13,ResNet,healthy,0.5,13,1
197,13,ViT,disease,0.75,13,1
197,13,ResNet,disease,0.75,13,1
197,13,ViT,random,0.75,13,1
197,13,ResNet,random,0.75,13,1
197,13,ViT,healthy,0.75,13,1
197,13,ResNet,healthy,0.75,13,1
261,13,ViT,original,0.0,13,1
261,13,ResNet,original,0.0,13,1
261,13,ViT,disease,0.25,26,0
261,13,ResNet,disease,0.25,13,1
261,13,ViT,random,0.25,13,1
261,13,ResNet,random,0.25,13,1
261,13,ViT,healthy,0.25,13,1
261,13,ResNet,healthy,0.25,13,1
261,13,ViT,disease,0.5,35,0
261,13,ResNet,disease,0.5,13,1
261,13,ViT,random,0.5,13,1
261,13,ResNet,random,0.5,13,1
261,13,ViT,healthy,0.5,28,0
261,13,ResNet,healthy,0.5,13,1
261,13,ViT,disease,0.75,12,0
261,13,ResNet,disease,0.75,13,1
261,13,ViT,random,0.75,35,0
261,13,ResNet,random,0.75,13,1
261,13,ViT,healthy,0.75,7,0
261,13,ResNet,healthy,0.75,13,1
202,13,ViT,original,0.0,13,1
202,13,ResNet,original,0.0,13,1
202,13,ViT,disease,0.25,13,1
202,13,ResNet,disease,0.25,13,1
202,13,ViT,random,0.25,13,1
202,13,ResNet,random,0.25,13,1
202,13,ViT,healthy,0.25,13,1
202,13,ResNet,healthy,0.25,13,1
202,13,ViT,disease,0.5,13,1
202,13,ResNet,disease,0.5,13,1
202,13,ViT,random,0.5,13,1
202,13,ResNet,random,0.5,13,1
202,13,ViT,healthy,0.5,13,1
202,13,ResNet,healthy,0.5,13,1
202,13,ViT,disease,0.75,13,1
202,13,ResNet,disease,0.75,13,1
202,13,ViT,random,0.75,13,1
202,13,ResNet,random,0.75,13,1
202,13,ViT,healthy,0.75,13,1
202,13,ResNet,healthy,0.75,13,1
705,13,ViT,original,0.0,13,1
705,13,ResNet,original,0.0,13,1
705,13,ViT,disease,0.25,13,1
705,13,ResNet,disease,0.25,13,1
705,13,ViT,random,0.25,13,1
705,13,ResNet,random,0.25,13,1
705,13,ViT,healthy,0.25,13,1
705,13,ResNet,healthy,0.25,13,1
705,13,ViT,disease,0.5,13,1
705,13,ResNet,disease,0.5,13,1
705,13,ViT,random,0.5,13,1
705,13,ResNet,random,0.5,13,1
705,13,ViT,healthy,0.5,13,1
705,13,ResNet,healthy,0.5,13,1
705,13,ViT,disease,0.75,37,0
705,13,ResNet,disease,0.75,13,1
705,13,ViT,random,0.75,13,1
705,13,ResNet,random,0.75,13,1
705,13,ViT,healthy,0.75,13,1
705,13,ResNet,healthy,0.75,13,1
855,15,ViT,original,0.0,15,1
855,15,ResNet,original,0.0,15,1
855,15,ViT,disease,0.25,15,1
855,15,ResNet,disease,0.25,15,1
855,15,ViT,random,0.25,15,1
855,15,ResNet,random,0.25,15,1
855,15,ViT,healthy,0.25,15,1
855,15,ResNet,healthy,0.25,15,1
855,15,ViT,disease,0.5,15,1
855,15,ResNet,disease,0.5,15,1
855,15,ViT,random,0.5,15,1
855,15,ResNet,random,0.5,15,1
855,15,ViT,healthy,0.5,15,1
855,15,ResNet,healthy,0.5,15,1
855,15,ViT,disease,0.75,15,1
855,15,ResNet,disease,0.75,15,1
855,15,ViT,random,0.75,15,1
855,15,ResNet,random,0.75,15,1
855,15,ViT,healthy,0.75,15,1
855,15,ResNet,healthy,0.75,15,1
693,15,ViT,original,0.0,15,1
693,15,ResNet,original,0.0,15,1
693,15,ViT,disease,0.25,15,1
693,15,ResNet,disease,0.25,15,1
693,15,ViT,random,0.25,15,1
693,15,ResNet,random,0.25,15,1
693,15,ViT,healthy,0.25,15,1
693,15,ResNet,healthy,0.25,15,1
693,15,ViT,disease,0.5,15,1
693,15,ResNet,disease,0.5,15,1
693,15,ViT,random,0.5,15,1
693,15,ResNet,random,0.5,15,1
693,15,ViT,healthy,0.5,24,0
693,15,ResNet,healthy,0.5,15,1
693,15,ViT,disease,0.75,15,1
693,15,ResNet,disease,0.75,15,1
693,15,ViT,random,0.75,15,1
693,15,ResNet,random,0.75,25,0
693,15,ViT,healthy,0.75,24,0
693,15,ResNet,healthy,0.75,15,1
396,15,ViT,original,0.0,15,1
396,15,ResNet,original,0.0,15,1
396,15,ViT,disease,0.25,15,1
396,15,ResNet,disease,0.25,15,1
396,15,ViT,random,0.25,15,1
396,15,ResNet,random,0.25,15,1
396,15,ViT,healthy,0.25,15,1
396,15,ResNet,healthy,0.25,15,1
396,15,ViT,disease,0.5,15,1
396,15,ResNet,disease,0.5,15,1
396,15,ViT,random,0.5,15,1
396,15,ResNet,random,0.5,15,1
396,15,ViT,healthy,0.5,15,1
396,15,ResNet,healthy,0.5,24,0
396,15,ViT,disease,0.75,15,1
396,15,ResNet,disease,0.75,15,1
396,15,ViT,random,0.75,15,1
396,15,ResNet,random,0.75,15,1
396,15,ViT,healthy,0.75,24,0
396,15,ResNet,healthy,0.75,24,0
809,15,ViT,original,0.0,15,1
809,15,ResNet,original,0.0,15,1
809,15,ViT,disease,0.25,15,1
809,15,ResNet,disease,0.25,15,1
809,15,ViT,random,0.25,15,1
809,15,ResNet,random,0.25,15,1
809,15,ViT,healthy,0.25,15,1
809,15,ResNet,healthy,0.25,15,1
809,15,ViT,disease,0.5,15,1
809,15,ResNet,disease,0.5,15,1
809,15,ViT,random,0.5,15,1
809,15,ResNet,random,0.5,15,1
809,15,ViT,healthy,0.5,15,1
809,15,ResNet,healthy,0.5,15,1
809,15,ViT,disease,0.75,15,1
809,15,ResNet,disease,0.75,15,1
809,15,ViT,random,0.75,15,1
809,15,ResNet,random,0.75,15,1
809,15,ViT,healthy,0.75,15,1
809,15,ResNet,healthy,0.75,15,1
227,16,ViT,original,0.0,16,1
227,16,ResNet,original,0.0,16,1
227,16,ViT,disease,0.25,16,1
227,16,ResNet,disease,0.25,16,1
227,16,ViT,random,0.25,16,1
227,16,ResNet,random,0.25,16,1
227,16,ViT,healthy,0.25,16,1
227,16,ResNet,healthy,0.25,16,1
227,16,ViT,disease,0.5,16,1
227,16,ResNet,disease,0.5,16,1
227,16,ViT,random,0.5,16,1
227,16,ResNet,random,0.5,16,1
227,16,ViT,healthy,0.5,16,1
227,16,ResNet,healthy,0.5,16,1
227,16,ViT,disease,0.75,30,0
227,16,ResNet,disease,0.75,13,0
227,16,ViT,random,0.75,16,1
227,16,ResNet,random,0.75,16,1
227,16,ViT,healthy,0.75,16,1
227,16,ResNet,healthy,0.75,16,1
453,16,ViT,original,0.0,16,1
453,16,ResNet,original,0.0,16,1
453,16,ViT,disease,0.25,16,1
453,16,ResNet,disease,0.25,16,1
453,16,ViT,random,0.25,16,1
453,16,ResNet,random,0.25,16,1
453,16,ViT,healthy,0.25,16,1
453,16,ResNet,healthy,0.25,16,1
453,16,ViT,disease,0.5,16,1
453,16,ResNet,disease,0.5,16,1
453,16,ViT,random,0.5,16,1
453,16,ResNet,random,0.5,16,1
453,16,ViT,healthy,0.5,16,1
453,16,ResNet,healthy,0.5,16,1
453,16,ViT,disease,0.75,16,1
453,16,ResNet,disease,0.75,16,1
453,16,ViT,random,0.75,16,1
453,16,ResNet,random,0.75,16,1
453,16,ViT,healthy,0.75,16,1
453,16,ResNet,healthy,0.75,16,1
13,16,ViT,original,0.0,16,1
13,16,ResNet,original,0.0,16,1
13,16,ViT,disease,0.25,16,1
13,16,ResNet,disease,0.25,16,1
13,16,ViT,random,0.25,16,1
13,16,ResNet,random,0.25,16,1
13,16,ViT,healthy,0.25,16,1
13,16,ResNet,healthy,0.25,16,1
13,16,ViT,disease,0.5,16,1
13,16,ResNet,disease,0.5,16,1
13,16,ViT,random,0.5,16,1
13,16,ResNet,random,0.5,16,1
13,16,ViT,healthy,0.5,16,1
13,16,ResNet,healthy,0.5,16,1
13,16,ViT,disease,0.75,16,1
13,16,ResNet,disease,0.75,16,1
13,16,ViT,random,0.75,16,1
13,16,ResNet,random,0.75,16,1
13,16,ViT,healthy,0.75,16,1
13,16,ResNet,healthy,0.75,16,1
558,16,ViT,original,0.0,16,1
558,16,ResNet,original,0.0,15,0
558,16,ViT,disease,0.25,16,1
558,16,ResNet,disease,0.25,3,0
558,16,ViT,random,0.25,16,1
558,16,ResNet,random,0.25,3,0
558,16,ViT,healthy,0.25,37,0
558,16,ResNet,healthy,0.25,37,0
558,16,ViT,disease,0.5,16,1
558,16,ResNet,disease,0.5,3,0
558,16,ViT,random,0.5,16,1
558,16,ResNet,random,0.5,3,0
558,16,ViT,healthy,0.5,37,0
558,16,ResNet,healthy,0.5,37,0
558,16,ViT,disease,0.75,16,1
558,16,ResNet,disease,0.75,3,0
558,16,ViT,random,0.75,37,0
558,16,ResNet,random,0.75,3,0
558,16,ViT,healthy,0.75,37,0
558,16,ResNet,healthy,0.75,8,0
1114,18,ViT,original,0.0,18,1
1114,18,ResNet,original,0.0,18,1
1114,18,ViT,disease,0.25,18,1
1114,18,ResNet,disease,0.25,18,1
1114,18,ViT,random,0.25,18,1
1114,18,ResNet,random,0.25,35,0
1114,18,ViT,healthy,0.25,18,1
1114,18,ResNet,healthy,0.25,18,1
1114,18,ViT,disease,0.5,18,1
1114,18,ResNet,disease,0.5,18,1
1114,18,ViT,random,0.5,18,1
1114,18,ResNet,random,0.5,35,0
1114,18,ViT,healthy,0.5,18,1
1114,18,ResNet,healthy,0.5,18,1
1114,18,ViT,disease,0.75,18,1
1114,18,ResNet,disease,0.75,18,1
1114,18,ViT,random,0.75,7,0
1114,18,ResNet,random,0.75,35,0
1114,18,ViT,healthy,0.75,34,0
1114,18,ResNet,healthy,0.75,34,0
310,18,ViT,original,0.0,18,1
310,18,ResNet,original,0.0,31,0
310,18,ViT,disease,0.25,18,1
310,18,ResNet,disease,0.25,18,1
310,18,ViT,random,0.25,18,1
310,18,ResNet,random,0.25,29,0
310,18,ViT,healthy,0.25,32,0
310,18,ResNet,healthy,0.25,32,0
310,18,ViT,disease,0.5,18,1
310,18,ResNet,disease,0.5,18,1
310,18,ViT,random,0.5,0,0
310,18,ResNet,random,0.5,16,0
310,18,ViT,healthy,0.5,37,0
310,18,ResNet,healthy,0.5,32,0
310,18,ViT,disease,0.75,18,1
310,18,ResNet,disease,0.75,18,1
310,18,ViT,random,0.75,0,0
310,18,ResNet,random,0.75,13,0
310,18,ViT,healthy,0.75,37,0
310,18,ResNet,healthy,0.75,32,0
931,18,ViT,original,0.0,18,1
931,18,ResNet,original,0.0,18,1
931,18,ViT,disease,0.25,18,1
931,18,ResNet,disease,0.25,18,1
931,18,ViT,random,0.25,18,1
931,18,ResNet,random,0.25,18,1
931,18,ViT,healthy,0.25,18,1
931,18,ResNet,healthy,0.25,18,1
931,18,ViT,disease,0.5,18,1
931,18,ResNet,disease,0.5,18,1
931,18,ViT,random,0.5,18,1
931,18,ResNet,random,0.5,18,1
931,18,ViT,healthy,0.5,18,1
931,18,ResNet,healthy,0.5,18,1
931,18,ViT,disease,0.75,18,1
931,18,ResNet,disease,0.75,18,1
931,18,ViT,random,0.75,18,1
931,18,ResNet,random,0.75,18,1
931,18,ViT,healthy,0.75,18,1
931,18,ResNet,healthy,0.75,18,1
764,18,ViT,original,0.0,18,1
764,18,ResNet,original,0.0,18,1
764,18,ViT,disease,0.25,18,1
764,18,ResNet,disease,0.25,18,1
764,18,ViT,random,0.25,18,1
764,18,ResNet,random,0.25,18,1
764,18,ViT,healthy,0.25,18,1
764,18,ResNet,healthy,0.25,18,1
764,18,ViT,disease,0.5,18,1
764,18,ResNet,disease,0.5,18,1
764,18,ViT,random,0.5,18,1
764,18,ResNet,random,0.5,18,1
764,18,ViT,healthy,0.5,18,1
764,18,ResNet,healthy,0.5,18,1
764,18,ViT,disease,0.75,18,1
764,18,ResNet,disease,0.75,18,1
764,18,ViT,random,0.75,18,1
764,18,ResNet,random,0.75,18,1
764,18,ViT,healthy,0.75,18,1
764,18,ResNet,healthy,0.75,18,1
1,20,ViT,original,0.0,20,1
1,20,ResNet,original,0.0,20,1
1,20,ViT,disease,0.25,20,1
1,20,ResNet,disease,0.25,20,1
1,20,ViT,random,0.25,20,1
1,20,ResNet,random,0.25,20,1
1,20,ViT,healthy,0.25,20,1
1,20,ResNet,healthy,0.25,20,1
1,20,ViT,disease,0.5,20,1
1,20,ResNet,disease,0.5,13,0
1,20,ViT,random,0.5,20,1
1,20,ResNet,random,0.5,13,0
1,20,ViT,healthy,0.5,20,1
1,20,ResNet,healthy,0.5,20,1
1,20,ViT,disease,0.75,32,0
1,20,ResNet,disease,0.75,16,0
1,20,ViT,random,0.75,32,0
1,20,ResNet,random,0.75,13,0
1,20,ViT,healthy,0.75,20,1
1,20,ResNet,healthy,0.75,20,1
434,20,ViT,original,0.0,20,1
434,20,ResNet,original,0.0,20,1
434,20,ViT,disease,0.25,20,1
434,20,ResNet,disease,0.25,20,1
434,20,ViT,random,0.25,20,1
434,20,ResNet,random,0.25,20,1
434,20,ViT,healthy,0.25,20,1
434,20,ResNet,healthy,0.25,20,1
434,20,ViT,disease,0.5,20,1
434,20,ResNet,disease,0.5,20,1
434,20,ViT,random,0.5,20,1
434,20,ResNet,random,0.5,20,1
434,20,ViT,healthy,0.5,20,1
434,20,ResNet,healthy,0.5,20,1
434,20,ViT,disease,0.75,20,1
434,20,ResNet,disease,0.75,20,1
434,20,ViT,random,0.75,20,1
434,20,ResNet,random,0.75,20,1
434,20,ViT,healthy,0.75,20,1
434,20,ResNet,healthy,0.75,20,1
1123,20,ViT,original,0.0,20,1
1123,20,ResNet,original,0.0,20,1
1123,20,ViT,disease,0.25,20,1
1123,20,ResNet,disease,0.25,13,0
1123,20,ViT,random,0.25,20,1
1123,20,ResNet,random,0.25,20,1
1123,20,ViT,healthy,0.25,20,1
1123,20,ResNet,healthy,0.25,20,1
1123,20,ViT,disease,0.5,20,1
1123,20,ResNet,disease,0.5,13,0
1123,20,ViT,random,0.5,20,1
1123,20,ResNet,random,0.5,13,0
1123,20,ViT,healthy,0.5,20,1
1123,20,ResNet,healthy,0.5,20,1
1123,20,ViT,disease,0.75,24,0
1123,20,ResNet,disease,0.75,13,0
1123,20,ViT,random,0.75,30,0
1123,20,ResNet,random,0.75,13,0
1123,20,ViT,healthy,0.75,20,1
1123,20,ResNet,healthy,0.75,20,1
1085,20,ViT,original,0.0,20,1
1085,20,ResNet,original,0.0,20,1
1085,20,ViT,disease,0.25,20,1
1085,20,ResNet,disease,0.25,20,1
1085,20,ViT,random,0.25,20,1
1085,20,ResNet,random,0.25,20,1
1085,20,ViT,healthy,0.25,20,1
1085,20,ResNet,healthy,0.25,20,1
1085,20,ViT,disease,0.5,20,1
1085,20,ResNet,disease,0.5,32,0
1085,20,ViT,random,0.5,20,1
1085,20,ResNet,random,0.5,13,0
1085,20,ViT,healthy,0.5,20,1
1085,20,ResNet,healthy,0.5,29,0
1085,20,ViT,disease,0.75,20,1
1085,20,ResNet,disease,0.75,32,0
1085,20,ViT,random,0.75,20,1
1085,20,ResNet,random,0.75,13,0
1085,20,ViT,healthy,0.75,20,1
1085,20,ResNet,healthy,0.75,29,0
848,21,ViT,original,0.0,21,1
848,21,ResNet,original,0.0,20,0
848,21,ViT,disease,0.25,21,1
848,21,ResNet,disease,0.25,21,1
848,21,ViT,random,0.25,21,1
848,21,ResNet,random,0.25,20,0
848,21,ViT,healthy,0.25,21,1
848,21,ResNet,healthy,0.25,20,0
848,21,ViT,disease,0.5,21,1
848,21,ResNet,disease,0.5,21,1
848,21,ViT,random,0.5,21,1
848,21,ResNet,random,0.5,13,0
848,21,ViT,healthy,0.5,20,0
848,21,ResNet,healthy,0.5,20,0
848,21,ViT,disease,0.75,30,0
848,21,ResNet,disease,0.75,13,0
848,21,ViT,random,0.75,21,1
848,21,ResNet,random,0.75,13,0
848,21,ViT,healthy,0.75,20,0
848,21,ResNet,healthy,0.75,20,0
754,21,ViT,original,0.0,21,1
754,21,ResNet,original,0.0,21,1
754,21,ViT,disease,0.25,21,1
754,21,ResNet,disease,0.25,21,1
754,21,ViT,random,0.25,21,1
754,21,ResNet,random,0.25,21,1
754,21,ViT,healthy,0.25,21,1
754,21,ResNet,healthy,0.25,21,1
754,21,ViT,disease,0.5,21,1
754,21,ResNet,disease,0.5,21,1
754,21,ViT,random,0.5,21,1
754,21,ResNet,random,0.5,30,0
754,21,ViT,healthy,0.5,21,1
754,21,ResNet,healthy,0.5,30,0
754,21,ViT,disease,0.75,21,1
754,21,ResNet,disease,0.75,21,1
754,21,ViT,random,0.75,21,1
754,21,ResNet,random,0.75,13,0
754,21,ViT,healthy,0.75,21,1
754,21,ResNet,healthy,0.75,30,0
941,21,ViT,original,0.0,21,1
941,21,ResNet,original,0.0,21,1
941,21,ViT,disease,0.25,21,1
941,21,ResNet,disease,0.25,21,1
941,21,ViT,random,0.25,21,1
941,21,ResNet,random,0.25,21,1
941,21,ViT,healthy,0.25,21,1
941,21,ResNet,healthy,0.25,21,1
941,21,ViT,disease,0.5,21,1
941,21,ResNet,disease,0.5,21,1
941,21,ViT,random,0.5,21,1
941,21,ResNet,random,0.5,21,1
941,21,ViT,healthy,0.5,21,1
941,21,ResNet,healthy,0.5,21,1
941,21,ViT,disease,0.75,21,1
941,21,ResNet,disease,0.75,21,1
941,21,ViT,random,0.75,21,1
941,21,ResNet,random,0.75,21,1
941,21,ViT,healthy,0.75,21,1
941,21,ResNet,healthy,0.75,13,0
562,21,ViT,original,0.0,21,1
562,21,ResNet,original,0.0,21,1
562,21,ViT,disease,0.25,21,1
562,21,ResNet,disease,0.25,21,1
562,21,ViT,random,0.25,21,1
562,21,ResNet,random,0.25,21,1
562,21,ViT,healthy,0.25,21,1
562,21,ResNet,healthy,0.25,0,0
562,21,ViT,disease,0.5,21,1
562,21,ResNet,disease,0.5,0,0
562,21,ViT,random,0.5,21,1
562,21,ResNet,random,0.5,13,0
562,21,ViT,healthy,0.5,21,1
562,21,ResNet,healthy,0.5,13,0
562,21,ViT,disease,0.75,21,1
562,21,ResNet,disease,0.75,0,0
562,21,ViT,random,0.75,21,1
562,21,ResNet,random,0.75,13,0
562,21,ViT,healthy,0.75,30,0
562,21,ResNet,healthy,0.75,30,0
665,25,ViT,original,0.0,25,1
665,25,ResNet,original,0.0,25,1
665,25,ViT,disease,0.25,25,1
665,25,ResNet,disease,0.25,25,1
665,25,ViT,random,0.25,25,1
665,25,ResNet,random,0.25,25,1
665,25,ViT,healthy,0.25,25,1
665,25,ResNet,healthy,0.25,25,1
665,25,ViT,disease,0.5,25,1
665,25,ResNet,disease,0.5,25,1
665,25,ViT,random,0.5,25,1
665,25,ResNet,random,0.5,25,1
665,25,ViT,healthy,0.5,25,1
665,25,ResNet,healthy,0.5,25,1
665,25,ViT,disease,0.75,25,1
665,25,ResNet,disease,0.75,25,1
665,25,ViT,random,0.75,25,1
665,25,ResNet,random,0.75,25,1
665,25,ViT,healthy,0.75,25,1
665,25,ResNet,healthy,0.75,25,1
821,25,ViT,original,0.0,25,1
821,25,ResNet,original,0.0,25,1
821,25,ViT,disease,0.25,25,1
821,25,ResNet,disease,0.25,25,1
821,25,ViT,random,0.25,25,1
821,25,ResNet,random,0.25,25,1
821,25,ViT,healthy,0.25,25,1
821,25,ResNet,healthy,0.25,25,1
821,25,ViT,disease,0.5,25,1
821,25,ResNet,disease,0.5,25,1
821,25,ViT,random,0.5,25,1
821,25,ResNet,random,0.5,25,1
821,25,ViT,healthy,0.5,25,1
821,25,ResNet,healthy,0.5,25,1
821,25,ViT,disease,0.75,25,1
821,25,ResNet,disease,0.75,25,1
821,25,ViT,random,0.75,25,1
821,25,ResNet,random,0.75,25,1
821,25,ViT,healthy,0.75,25,1
821,25,ResNet,healthy,0.75,25,1
466,25,ViT,original,0.0,25,1
466,25,ResNet,original,0.0,25,1
466,25,ViT,disease,0.25,25,1
466,25,ResNet,disease,0.25,25,1
466,25,ViT,random,0.25,25,1
466,25,ResNet,random,0.25,25,1
466,25,ViT,healthy,0.25,25,1
466,25,ResNet,healthy,0.25,25,1
466,25,ViT,disease,0.5,25,1
466,25,ResNet,disease,0.5,25,1
466,25,ViT,random,0.5,25,1
466,25,ResNet,random,0.5,25,1
466,25,ViT,healthy,0.5,25,1
466,25,ResNet,healthy,0.5,25,1
466,25,ViT,disease,0.75,25,1
466,25,ResNet,disease,0.75,25,1
466,25,ViT,random,0.75,25,1
466,25,ResNet,random,0.75,25,1
466,25,ViT,healthy,0.75,25,1
466,25,ResNet,healthy,0.75,25,1
697,25,ViT,original,0.0,25,1
697,25,ResNet,original,0.0,25,1
697,25,ViT,disease,0.25,25,1
697,25,ResNet,disease,0.25,25,1
697,25,ViT,random,0.25,25,1
697,25,ResNet,random,0.25,25,1
697,25,ViT,healthy,0.25,25,1
697,25,ResNet,healthy,0.25,25,1
697,25,ViT,disease,0.5,25,1
697,25,ResNet,disease,0.5,25,1
697,25,ViT,random,0.5,25,1
697,25,ResNet,random,0.5,25,1
697,25,ViT,healthy,0.5,25,1
697,25,ResNet,healthy,0.5,25,1
697,25,ViT,disease,0.75,25,1
697,25,ResNet,disease,0.75,25,1
697,25,ViT,random,0.75,25,1
697,25,ResNet,random,0.75,25,1
697,25,ViT,healthy,0.75,25,1
697,25,ResNet,healthy,0.75,25,1
560,26,ViT,original,0.0,26,1
560,26,ResNet,original,0.0,26,1
560,26,ViT,disease,0.25,26,1
560,26,ResNet,disease,0.25,26,1
560,26,ViT,random,0.25,26,1
560,26,ResNet,random,0.25,26,1
560,26,ViT,healthy,0.25,26,1
560,26,ResNet,healthy,0.25,26,1
560,26,ViT,disease,0.5,26,1
560,26,ResNet,disease,0.5,26,1
560,26,ViT,random,0.5,26,1
560,26,ResNet,random,0.5,26,1
560,26,ViT,healthy,0.5,26,1
560,26,ResNet,healthy,0.5,26,1
560,26,ViT,disease,0.75,26,1
560,26,ResNet,disease,0.75,26,1
560,26,ViT,random,0.75,26,1
560,26,ResNet,random,0.75,26,1
560,26,ViT,healthy,0.75,26,1
560,26,ResNet,healthy,0.75,26,1
744,26,ViT,original,0.0,26,1
744,26,ResNet,original,0.0,26,1
744,26,ViT,disease,0.25,26,1
744,26,ResNet,disease,0.25,26,1
744,26,ViT,random,0.25,26,1
744,26,ResNet,random,0.25,26,1
744,26,ViT,healthy,0.25,26,1
744,26,ResNet,healthy,0.25,26,1
744,26,ViT,disease,0.5,26,1
744,26,ResNet,disease,0.5,26,1
744,26,ViT,random,0.5,26,1
744,26,ResNet,random,0.5,26,1
744,26,ViT,healthy,0.5,26,1
744,26,ResNet,healthy,0.5,26,1
744,26,ViT,disease,0.75,26,1
744,26,ResNet,disease,0.75,26,1
744,26,ViT,random,0.75,26,1
744,26,ResNet,random,0.75,26,1
744,26,ViT,healthy,0.75,26,1
744,26,ResNet,healthy,0.75,26,1
884,26,ViT,original,0.0,26,1
884,26,ResNet,original,0.0,26,1
884,26,ViT,disease,0.25,26,1
884,26,ResNet,disease,0.25,26,1
884,26,ViT,random,0.25,26,1
884,26,ResNet,random,0.25,26,1
884,26,ViT,healthy,0.25,26,1
884,26,ResNet,healthy,0.25,26,1
884,26,ViT,disease,0.5,26,1
884,26,ResNet,disease,0.5,26,1
884,26,ViT,random,0.5,26,1
884,26,ResNet,random,0.5,26,1
884,26,ViT,healthy,0.5,26,1
884,26,ResNet,healthy,0.5,26,1
884,26,ViT,disease,0.75,26,1
884,26,ResNet,disease,0.75,26,1
884,26,ViT,random,0.75,26,1
884,26,ResNet,random,0.75,13,0
884,26,ViT,healthy,0.75,26,1
884,26,ResNet,healthy,0.75,13,0
998,26,ViT,original,0.0,26,1
998,26,ResNet,original,0.0,12,0
998,26,ViT,disease,0.25,26,1
998,26,ResNet,disease,0.25,12,0
998,26,ViT,random,0.25,26,1
998,26,ResNet,random,0.25,12,0
998,26,ViT,healthy,0.25,26,1
998,26,ResNet,healthy,0.25,12,0
998,26,ViT,disease,0.5,26,1
998,26,ResNet,disease,0.5,8,0
998,26,ViT,random,0.5,26,1
998,26,ResNet,random,0.5,8,0
998,26,ViT,healthy,0.5,26,1
998,26,ResNet,healthy,0.5,12,0
998,26,ViT,disease,0.75,26,1
998,26,ResNet,disease,0.75,8,0
998,26,ViT,random,0.75,12,0
998,26,ResNet,random,0.75,8,0
998,26,ViT,healthy,0.75,26,1
998,26,ResNet,healthy,0.75,12,0
427,28,ViT,original,0.0,28,1
427,28,ResNet,original,0.0,28,1
427,28,ViT,disease,0.25,28,1
427,28,ResNet,disease,0.25,28,1
427,28,ViT,random,0.25,28,1
427,28,ResNet,random,0.25,28,1
427,28,ViT,healthy,0.25,28,1
427,28,ResNet,healthy,0.25,28,1
427,28,ViT,disease,0.5,28,1
427,28,ResNet,disease,0.5,28,1
427,28,ViT,random,0.5,28,1
427,28,ResNet,random,0.5,28,1
427,28,ViT,healthy,0.5,28,1
427,28,ResNet,healthy,0.5,28,1
427,28,ViT,disease,0.75,28,1
427,28,ResNet,disease,0.75,28,1
427,28,ViT,random,0.75,28,1
427,28,ResNet,random,0.75,28,1
427,28,ViT,healthy,0.75,28,1
427,28,ResNet,healthy,0.75,28,1
85,28,ViT,original,0.0,28,1
85,28,ResNet,original,0.0,28,1
85,28,ViT,disease,0.25,28,1
85,28,ResNet,disease,0.25,28,1
85,28,ViT,random,0.25,28,1
85,28,ResNet,random,0.25,3,0
85,28,ViT,healthy,0.25,28,1
85,28,ResNet,healthy,0.25,0,0
85,28,ViT,disease,0.5,28,1
85,28,ResNet,disease,0.5,28,1
85,28,ViT,random,0.5,28,1
85,28,ResNet,random,0.5,3,0
85,28,ViT,healthy,0.5,28,1
85,28,ResNet,healthy,0.5,3,0
85,28,ViT,disease,0.75,28,1
85,28,ResNet,disease,0.75,28,1
85,28,ViT,random,0.75,28,1
85,28,ResNet,random,0.75,3,0
85,28,ViT,healthy,0.75,28,1
85,28,ResNet,healthy,0.75,3,0
399,28,ViT,original,0.0,28,1
399,28,ResNet,original,0.0,1,0
399,28,ViT,disease,0.25,28,1
399,28,ResNet,disease,0.25,1,0
399,28,ViT,random,0.25,28,1
399,28,ResNet,random,0.25,28,1
399,28,ViT,healthy,0.25,28,1
399,28,ResNet,healthy,0.25,1,0
399,28,ViT,disease,0.5,28,1
399,28,ResNet,disease,0.5,1,0
399,28,ViT,random,0.5,28,1
399,28,ResNet,random,0.5,1,0
399,28,ViT,healthy,0.5,28,1
399,28,ResNet,healthy,0.5,13,0
399,28,ViT,disease,0.75,28,1
399,28,ResNet,disease,0.75,28,1
399,28,ViT,random,0.75,28,1
399,28,ResNet,random,0.75,1,0
399,28,ViT,healthy,0.75,28,1
399,28,ResNet,healthy,0.75,13,0
1106,28,ViT,original,0.0,28,1
1106,28,ResNet,original,0.0,28,1
1106,28,ViT,disease,0.25,28,1
1106,28,ResNet,disease,0.25,28,1
1106,28,ViT,random,0.25,28,1
1106,28,ResNet,random,0.25,28,1
1106,28,ViT,healthy,0.25,28,1
1106,28,ResNet,healthy,0.25,28,1
1106,28,ViT,disease,0.5,28,1
1106,28,ResNet,disease,0.5,28,1
1106,28,ViT,random,0.5,28,1
1106,28,ResNet,random,0.5,28,1
1106,28,ViT,healthy,0.5,28,1
1106,28,ResNet,healthy,0.5,28,1
1106,28,ViT,disease,0.75,28,1
1106,28,ResNet,disease,0.75,28,1
1106,28,ViT,random,0.75,28,1
1106,28,ResNet,random,0.75,28,1
1106,28,ViT,healthy,0.75,28,1
1106,28,ResNet,healthy,0.75,28,1
685,29,ViT,original,0.0,29,1
685,29,ResNet,original,0.0,12,0
685,29,ViT,disease,0.25,29,1
685,29,ResNet,disease,0.25,29,1
685,29,ViT,random,0.25,28,0
685,29,ResNet,random,0.25,13,0
685,29,ViT,healthy,0.25,26,0
685,29,ResNet,healthy,0.25,32,0
685,29,ViT,disease,0.5,30,0
685,29,ResNet,disease,0.5,29,1
685,29,ViT,random,0.5,30,0
685,29,ResNet,random,0.5,13,0
685,29,ViT,healthy,0.5,30,0
685,29,ResNet,healthy,0.5,13,0
685,29,ViT,disease,0.75,30,0
685,29,ResNet,disease,0.75,29,1
685,29,ViT,random,0.75,30,0
685,29,ResNet,random,0.75,13,0
685,29,ViT,healthy,0.75,30,0
685,29,ResNet,healthy,0.75,13,0
910,29,ViT,original,0.0,29,1
910,29,ResNet,original,0.0,32,0
910,29,ViT,disease,0.25,29,1
910,29,ResNet,disease,0.25,31,0
910,29,ViT,random,0.25,29,1
910,29,ResNet,random,0.25,31,0
910,29,ViT,healthy,0.25,29,1
910,29,ResNet,healthy,0.25,32,0
910,29,ViT,disease,0.5,29,1
910,29,ResNet,disease,0.5,31,0
910,29,ViT,random,0.5,29,1
910,29,ResNet,random,0.5,32,0
910,29,ViT,healthy,0.5,29,1
910,29,ResNet,healthy,0.5,32,0
910,29,ViT,disease,0.75,29,1
910,29,ResNet,disease,0.75,31,0
910,29,ViT,random,0.75,29,1
910,29,ResNet,random,0.75,32,0
910,29,ViT,healthy,0.75,29,1
910,29,ResNet,healthy,0.75,32,0
641,29,ViT,original,0.0,29,1
641,29,ResNet,original,0.0,28,0
641,29,ViT,disease,0.25,29,1
641,29,ResNet,disease,0.25,28,0
641,29,ViT,random,0.25,29,1
641,29,ResNet,random,0.25,28,0
641,29,ViT,healthy,0.25,29,1
641,29,ResNet,healthy,0.25,28,0
641,29,ViT,disease,0.5,29,1
641,29,ResNet,disease,0.5,28,0
641,29,ViT,random,0.5,29,1
641,29,ResNet,random,0.5,28,0
641,29,ViT,healthy,0.5,29,1
641,29,ResNet,healthy,0.5,28,0
641,29,ViT,disease,0.75,29,1
641,29,ResNet,disease,0.75,28,0
641,29,ViT,random,0.75,29,1
641,29,ResNet,random,0.75,28,0
641,29,ViT,healthy,0.75,28,0
641,29,ResNet,healthy,0.75,29,1
972,29,ViT,original,0.0,29,1
972,29,ResNet,original,0.0,33,0
972,29,ViT,disease,0.25,29,1
972,29,ResNet,disease,0.25,33,0
972,29,ViT,random,0.25,29,1
972,29,ResNet,random,0.25,33,0
972,29,ViT,healthy,0.25,29,1
972,29,ResNet,healthy,0.25,32,0
972,29,ViT,disease,0.5,29,1
972,29,ResNet,disease,0.5,33,0
972,29,ViT,random,0.5,29,1
972,29,ResNet,random,0.5,36,0
972,29,ViT,healthy,0.5,32,0
972,29,ResNet,healthy,0.5,37,0
972,29,ViT,disease,0.75,29,1
972,29,ResNet,disease,0.75,34,0
972,29,ViT,random,0.75,29,1
972,29,ResNet,random,0.75,32,0
972,29,ViT,healthy,0.75,30,0
972,29,ResNet,healthy,0.75,14,0
722,30,ViT,original,0.0,30,1
722,30,ResNet,original,0.0,30,1
722,30,ViT,disease,0.25,30,1
722,30,ResNet,disease,0.25,30,1
722,30,ViT,random,0.25,30,1
722,30,ResNet,random,0.25,30,1
722,30,ViT,healthy,0.25,30,1
722,30,ResNet,healthy,0.25,30,1
722,30,ViT,disease,0.5,30,1
722,30,ResNet,disease,0.5,30,1
722,30,ViT,random,0.5,30,1
722,30,ResNet,random,0.5,30,1
722,30,ViT,healthy,0.5,30,1
722,30,ResNet,healthy,0.5,30,1
722,30,ViT,disease,0.75,30,1
722,30,ResNet,disease,0.75,30,1
722,30,ViT,random,0.75,30,1
722,30,ResNet,random,0.75,30,1
722,30,ViT,healthy,0.75,30,1
722,30,ResNet,healthy,0.75,30,1
265,30,ViT,original,0.0,30,1
265,30,ResNet,original,0.0,33,0
265,30,ViT,disease,0.25,30,1
265,30,ResNet,disease,0.25,33,0
265,30,ViT,random,0.25,30,1
265,30,ResNet,random,0.25,31,0
265,30,ViT,healthy,0.25,30,1
265,30,ResNet,healthy,0.25,33,0
265,30,ViT,disease,0.5,30,1
265,30,ResNet,disease,0.5,34,0
265,30,ViT,random,0.5,30,1
265,30,ResNet,random,0.5,33,0
265,30,ViT,healthy,0.5,30,1
265,30,ResNet,healthy,0.5,30,1
265,30,ViT,disease,0.75,30,1
265,30,ResNet,disease,0.75,34,0
265,30,ViT,random,0.75,30,1
265,30,ResNet,random,0.75,25,0
265,30,ViT,healthy,0.75,30,1
265,30,ResNet,healthy,0.75,30,1
1000,30,ViT,original,0.0,30,1
1000,30,ResNet,original,0.0,30,1
1000,30,ViT,disease,0.25,30,1
1000,30,ResNet,disease,0.25,30,1
1000,30,ViT,random,0.25,30,1
1000,30,ResNet,random,0.25,30,1
1000,30,ViT,healthy,0.25,30,1
1000,30,ResNet,healthy,0.25,30,1
1000,30,ViT,disease,0.5,30,1
1000,30,ResNet,disease,0.5,30,1
1000,30,ViT,random,0.5,30,1
1000,30,ResNet,random,0.5,13,0
1000,30,ViT,healthy,0.5,30,1
1000,30,ResNet,healthy,0.5,30,1
1000,30,ViT,disease,0.75,30,1
1000,30,ResNet,disease,0.75,30,1
1000,30,ViT,random,0.75,30,1
1000,30,ResNet,random,0.75,32,0
1000,30,ViT,healthy,0.75,30,1
1000,30,ResNet,healthy,0.75,30,1
122,30,ViT,original,0.0,30,1
122,30,ResNet,original,0.0,30,1
122,30,ViT,disease,0.25,30,1
122,30,ResNet,disease,0.25,30,1
122,30,ViT,random,0.25,30,1
122,30,ResNet,random,0.25,30,1
122,30,ViT,healthy,0.25,30,1
122,30,ResNet,healthy,0.25,30,1
122,30,ViT,disease,0.5,30,1
122,30,ResNet,disease,0.5,30,1
122,30,ViT,random,0.5,30,1
122,30,ResNet,random,0.5,30,1
122,30,ViT,healthy,0.5,30,1
122,30,ResNet,healthy,0.5,30,1
122,30,ViT,disease,0.75,30,1
122,30,ResNet,disease,0.75,30,1
122,30,ViT,random,0.75,30,1
122,30,ResNet,random,0.75,30,1
122,30,ViT,healthy,0.75,30,1
122,30,ResNet,healthy,0.75,30,1
83,31,ViT,original,0.0,31,1
83,31,ResNet,original,0.0,31,1
83,31,ViT,disease,0.25,31,1
83,31,ResNet,disease,0.25,31,1
83,31,ViT,random,0.25,31,1
83,31,ResNet,random,0.25,30,0
83,31,ViT,healthy,0.25,30,0
83,31,ResNet,healthy,0.25,32,0
83,31,ViT,disease,0.5,31,1
83,31,ResNet,disease,0.5,31,1
83,31,ViT,random,0.5,31,1
83,31,ResNet,random,0.5,36,0
83,31,ViT,healthy,0.5,31,1
83,31,ResNet,healthy,0.5,0,0
83,31,ViT,disease,0.75,31,1
83,31,ResNet,disease,0.75,31,1
83,31,ViT,random,0.75,30,0
83,31,ResNet,random,0.75,13,0
83,31,ViT,healthy,0.75,31,1
83,31,ResNet,healthy,0.75,0,0
979,31,ViT,original,0.0,31,1
979,31,ResNet,original,0.0,31,1
979,31,ViT,disease,0.25,31,1
979,31,ResNet,disease,0.25,31,1
979,31,ViT,random,0.25,31,1
979,31,ResNet,random,0.25,31,1
979,31,ViT,healthy,0.25,31,1
979,31,ResNet,healthy,0.25,31,1
979,31,ViT,disease,0.5,31,1
979,31,ResNet,disease,0.5,31,1
979,31,ViT,random,0.5,31,1
979,31,ResNet,random,0.5,30,0
979,31,ViT,healthy,0.5,31,1
979,31,ResNet,healthy,0.5,31,1
979,31,ViT,disease,0.75,31,1
979,31,ResNet,disease,0.75,31,1
979,31,ViT,random,0.75,31,1
979,31,ResNet,random,0.75,31,1
979,31,ViT,healthy,0.75,30,0
979,31,ResNet,healthy,0.75,30,0
204,31,ViT,original,0.0,31,1
204,31,ResNet,original,0.0,31,1
204,31,ViT,disease,0.25,31,1
204,31,ResNet,disease,0.25,31,1
204,31,ViT,random,0.25,31,1
204,31,ResNet,random,0.25,31,1
204,31,ViT,healthy,0.25,31,1
204,31,ResNet,healthy,0.25,32,0
204,31,ViT,disease,0.5,31,1
204,31,ResNet,disease,0.5,31,1
204,31,ViT,random,0.5,31,1
204,31,ResNet,random,0.5,32,0
204,31,ViT,healthy,0.5,32,0
204,31,ResNet,healthy,0.5,25,0
204,31,ViT,disease,0.75,31,1
204,31,ResNet,disease,0.75,31,1
204,31,ViT,random,0.75,31,1
204,31,ResNet,random,0.75,32,0
204,31,ViT,healthy,0.75,17,0
204,31,ResNet,healthy,0.75,14,0
666,31,ViT,original,0.0,31,1
666,31,ResNet,original,0.0,31,1
666,31,ViT,disease,0.25,31,1
666,31,ResNet,disease,0.25,31,1
666,31,ViT,random,0.25,31,1
666,31,ResNet,random,0.25,31,1
666,31,ViT,healthy,0.25,31,1
666,31,ResNet,healthy,0.25,36,0
666,31,ViT,disease,0.5,31,1
666,31,ResNet,disease,0.5,31,1
666,31,ViT,random,0.5,31,1
666,31,ResNet,random,0.5,31,1
666,31,ViT,healthy,0.5,31,1
666,31,ResNet,healthy,0.5,3,0
666,31,ViT,disease,0.75,31,1
666,31,ResNet,disease,0.75,31,1
666,31,ViT,random,0.75,31,1
666,31,ResNet,random,0.75,13,0
666,31,ViT,healthy,0.75,31,1
666,31,ResNet,healthy,0.75,3,0
28,32,ViT,original,0.0,32,1
28,32,ResNet,original,0.0,32,1
28,32,ViT,disease,0.25,32,1
28,32,ResNet,disease,0.25,32,1
28,32,ViT,random,0.25,32,1
28,32,ResNet,random,0.25,31,0
28,32,ViT,healthy,0.25,32,1
28,32,ResNet,healthy,0.25,13,0
28,32,ViT,disease,0.5,32,1
28,32,ResNet,disease,0.5,32,1
28,32,ViT,random,0.5,32,1
28,32,ResNet,random,0.5,13,0
28,32,ViT,healthy,0.5,32,1
28,32,ResNet,healthy,0.5,13,0
28,32,ViT,disease,0.75,32,1
28,32,ResNet,disease,0.75,32,1
28,32,ViT,random,0.75,32,1
28,32,ResNet,random,0.75,13,0
28,32,ViT,healthy,0.75,32,1
28,32,ResNet,healthy,0.75,13,0
1095,32,ViT,original,0.0,32,1
1095,32,ResNet,original,0.0,32,1
1095,32,ViT,disease,0.25,32,1
1095,32,ResNet,disease,0.25,16,0
1095,32,ViT,random,0.25,32,1
1095,32,ResNet,random,0.25,16,0
1095,32,ViT,healthy,0.25,32,1
1095,32,ResNet,healthy,0.25,32,1
1095,32,ViT,disease,0.5,32,1
1095,32,ResNet,disease,0.5,16,0
1095,32,ViT,random,0.5,32,1
1095,32,ResNet,random,0.5,13,0
1095,32,ViT,healthy,0.5,32,1
1095,32,ResNet,healthy,0.5,13,0
1095,32,ViT,disease,0.75,32,1
1095,32,ResNet,disease,0.75,16,0
1095,32,ViT,random,0.75,32,1
1095,32,ResNet,random,0.75,13,0
1095,32,ViT,healthy,0.75,32,1
1095,32,ResNet,healthy,0.75,32,1
215,32,ViT,original,0.0,32,1
215,32,ResNet,original,0.0,32,1
215,32,ViT,disease,0.25,32,1
215,32,ResNet,disease,0.25,32,1
215,32,ViT,random,0.25,32,1
215,32,ResNet,random,0.25,13,0
215,32,ViT,healthy,0.25,32,1
215,32,ResNet,healthy,0.25,13,0
215,32,ViT,disease,0.5,32,1
215,32,ResNet,disease,0.5,32,1
215,32,ViT,random,0.5,32,1
215,32,ResNet,random,0.5,13,0
215,32,ViT,healthy,0.5,32,1
215,32,ResNet,healthy,0.5,16,0
215,32,ViT,disease,0.75,32,1
215,32,ResNet,disease,0.75,32,1
215,32,ViT,random,0.75,32,1
215,32,ResNet,random,0.75,25,0
215,32,ViT,healthy,0.75,32,1
215,32,ResNet,healthy,0.75,16,0
614,32,ViT,original,0.0,32,1
614,32,ResNet,original,0.0,34,0
614,32,ViT,disease,0.25,32,1
614,32,ResNet,disease,0.25,31,0
614,32,ViT,random,0.25,32,1
614,32,ResNet,random,0.25,34,0
614,32,ViT,healthy,0.25,32,1
614,32,ResNet,healthy,0.25,32,1
614,32,ViT,disease,0.5,32,1
614,32,ResNet,disease,0.5,31,0
614,32,ViT,random,0.5,32,1
614,32,ResNet,random,0.5,32,1
614,32,ViT,healthy,0.5,32,1
614,32,ResNet,healthy,0.5,13,0
614,32,ViT,disease,0.75,32,1
614,32,ResNet,disease,0.75,31,0
614,32,ViT,random,0.75,32,1
614,32,ResNet,random,0.75,32,1
614,32,ViT,healthy,0.75,32,1
614,32,ResNet,healthy,0.75,25,0
314,33,ViT,original,0.0,33,1
314,33,ResNet,original,0.0,33,1
314,33,ViT,disease,0.25,33,1
314,33,ResNet,disease,0.25,33,1
314,33,ViT,random,0.25,33,1
314,33,ResNet,random,0.25,33,1
314,33,ViT,healthy,0.25,33,1
314,33,ResNet,healthy,0.25,33,1
314,33,ViT,disease,0.5,33,1
314,33,ResNet,disease,0.5,33,1
314,33,ViT,random,0.5,33,1
314,33,ResNet,random,0.5,33,1
314,33,ViT,healthy,0.5,33,1
314,33,ResNet,healthy,0.5,33,1
314,33,ViT,disease,0.75,33,1
314,33,ResNet,disease,0.75,33,1
314,33,ViT,random,0.75,33,1
314,33,ResNet,random,0.75,33,1
314,33,ViT,healthy,0.75,33,1
314,33,ResNet,healthy,0.75,34,0
407,33,ViT,original,0.0,33,1
407,33,ResNet,original,0.0,31,0
407,33,ViT,disease,0.25,33,1
407,33,ResNet,disease,0.25,31,0
407,33,ViT,random,0.25,33,1
407,33,ResNet,random,0.25,31,0
407,33,ViT,healthy,0.25,34,0
407,33,ResNet,healthy,0.25,25,0
407,33,ViT,disease,0.5,33,1
407,33,ResNet,disease,0.5,31,0
407,33,ViT,random,0.5,33,1
407,33,ResNet,random,0.5,30,0
407,33,ViT,healthy,0.5,30,0
407,33,ResNet,healthy,0.5,32,0
407,33,ViT,disease,0.75,33,1
407,33,ResNet,disease,0.75,31,0
407,33,ViT,random,0.75,30,0
407,33,ResNet,random,0.75,25,0
407,33,ViT,healthy,0.75,37,0
407,33,ResNet,healthy,0.75,8,0
1035,33,ViT,original,0.0,33,1
1035,33,ResNet,original,0.0,33,1
1035,33,ViT,disease,0.25,33,1
1035,33,ResNet,disease,0.25,33,1
1035,33,ViT,random,0.25,33,1
1035,33,ResNet,random,0.25,33,1
1035,33,ViT,healthy,0.25,33,1
1035,33,ResNet,healthy,0.25,33,1
1035,33,ViT,disease,0.5,33,1
1035,33,ResNet,disease,0.5,37,0
1035,33,ViT,random,0.5,33,1
1035,33,ResNet,random,0.5,33,1
1035,33,ViT,healthy,0.5,33,1
1035,33,ResNet,healthy,0.5,33,1
1035,33,ViT,disease,0.75,33,1
1035,33,ResNet,disease,0.75,33,1
1035,33,ViT,random,0.75,33,1
1035,33,ResNet,random,0.75,33,1
1035,33,ViT,healthy,0.75,33,1
1035,33,ResNet,healthy,0.75,37,0
656,33,ViT,original,0.0,33,1
656,33,ResNet,original,0.0,37,0
656,33,ViT,disease,0.25,33,1
656,33,ResNet,disease,0.25,34,0
656,33,ViT,random,0.25,33,1
656,33,ResNet,random,0.25,33,1
656,33,ViT,healthy,0.25,33,1
656,33,ResNet,healthy,0.25,37,0
656,33,ViT,disease,0.5,33,1
656,33,ResNet,disease,0.5,33,1
656,33,ViT,random,0.5,33,1
656,33,ResNet,random,0.5,37,0
656,33,ViT,healthy,0.5,33,1
656,33,ResNet,healthy,0.5,37,0
656,33,ViT,disease,0.75,33,1
656,33,ResNet,disease,0.75,34,0
656,33,ViT,random,0.75,33,1
656,33,ResNet,random,0.75,37,0
656,33,ViT,healthy,0.75,34,0
656,33,ResNet,healthy,0.75,37,0
92,34,ViT,original,0.0,34,1
92,34,ResNet,original,0.0,34,1
92,34,ViT,disease,0.25,28,0
92,34,ResNet,disease,0.25,34,1
92,34,ViT,random,0.25,34,1
92,34,ResNet,random,0.25,34,1
92,34,ViT,healthy,0.25,34,1
92,34,ResNet,healthy,0.25,34,1
92,34,ViT,disease,0.5,28,0
92,34,ResNet,disease,0.5,34,1
92,34,ViT,random,0.5,34,1
92,34,ResNet,random,0.5,33,0
92,34,ViT,healthy,0.5,34,1
92,34,ResNet,healthy,0.5,33,0
92,34,ViT,disease,0.75,28,0
92,34,ResNet,disease,0.75,34,1
92,34,ViT,random,0.75,28,0
92,34,ResNet,random,0.75,36,0
92,34,ViT,healthy,0.75,14,0
92,34,ResNet,healthy,0.75,13,0
864,34,ViT,original,0.0,34,1
864,34,ResNet,original,0.0,33,0
864,34,ViT,disease,0.25,34,1
864,34,ResNet,disease,0.25,33,0
864,34,ViT,random,0.25,34,1
864,34,ResNet,random,0.25,33,0
864,34,ViT,healthy,0.25,34,1
864,34,ResNet,healthy,0.25,34,1
864,34,ViT,disease,0.5,34,1
864,34,ResNet,disease,0.5,33,0
864,34,ViT,random,0.5,34,1
864,34,ResNet,random,0.5,33,0
864,34,ViT,healthy,0.5,34,1
864,34,ResNet,healthy,0.5,33,0
864,34,ViT,disease,0.75,34,1
864,34,ResNet,disease,0.75,33,0
864,34,ViT,random,0.75,34,1
864,34,ResNet,random,0.75,36,0
864,34,ViT,healthy,0.75,34,1
864,34,ResNet,healthy,0.75,34,1
1058,34,ViT,original,0.0,34,1
1058,34,ResNet,original,0.0,34,1
1058,34,ViT,disease,0.25,34,1
1058,34,ResNet,disease,0.25,34,1
1058,34,ViT,random,0.25,34,1
1058,34,ResNet,random,0.25,1,0
1058,34,ViT,healthy,0.25,34,1
1058,34,ResNet,healthy,0.25,32,0
1058,34,ViT,disease,0.5,34,1
1058,34,ResNet,disease,0.5,34,1
1058,34,ViT,random,0.5,28,0
1058,34,ResNet,random,0.5,21,0
1058,34,ViT,healthy,0.5,37,0
1058,34,ResNet,healthy,0.5,24,0
1058,34,ViT,disease,0.75,34,1
1058,34,ResNet,disease,0.75,34,1
1058,34,ViT,random,0.75,28,0
1058,34,ResNet,random,0.75,32,0
1058,34,ViT,healthy,0.75,37,0
1058,34,ResNet,healthy,0.75,14,0
652,34,ViT,original,0.0,34,1
652,34,ResNet,original,0.0,34,1
652,34,ViT,disease,0.25,34,1
652,34,ResNet,disease,0.25,34,1
652,34,ViT,random,0.25,34,1
652,34,ResNet,random,0.25,34,1
652,34,ViT,healthy,0.25,34,1
652,34,ResNet,healthy,0.25,34,1
652,34,ViT,disease,0.5,34,1
652,34,ResNet,disease,0.5,34,1
652,34,ViT,random,0.5,37,0
652,34,ResNet,random,0.5,33,0
652,34,ViT,healthy,0.5,37,0
652,34,ResNet,healthy,0.5,33,0
652,34,ViT,disease,0.75,34,1
652,34,ResNet,disease,0.75,34,1
652,34,ViT,random,0.75,37,0
652,34,ResNet,random,0.75,33,0
652,34,ViT,healthy,0.75,37,0
652,34,ResNet,healthy,0.75,33,0
540,35,ViT,original,0.0,35,1
540,35,ResNet,original,0.0,35,1
540,35,ViT,disease,0.25,35,1
540,35,ResNet,disease,0.25,35,1
540,35,ViT,random,0.25,35,1
540,35,ResNet,random,0.25,35,1
540,35,ViT,healthy,0.25,35,1
540,35,ResNet,healthy,0.25,35,1
540,35,ViT,disease,0.5,35,1
540,35,ResNet,disease,0.5,35,1
540,35,ViT,random,0.5,35,1
540,35,ResNet,random,0.5,35,1
540,35,ViT,healthy,0.5,35,1
540,35,ResNet,healthy,0.5,35,1
540,35,ViT,disease,0.75,35,1
540,35,ResNet,disease,0.75,35,1
540,35,ViT,random,0.75,35,1
540,35,ResNet,random,0.75,35,1
540,35,ViT,healthy,0.75,35,1
540,35,ResNet,healthy,0.75,35,1
769,35,ViT,original,0.0,35,1
769,35,ResNet,original,0.0,35,1
769,35,ViT,disease,0.25,35,1
769,35,ResNet,disease,0.25,35,1
769,35,ViT,random,0.25,35,1
769,35,ResNet,random,0.25,35,1
769,35,ViT,healthy,0.25,35,1
769,35,ResNet,healthy,0.25,35,1
769,35,ViT,disease,0.5,35,1
769,35,ResNet,disease,0.5,35,1
769,35,ViT,random,0.5,35,1
769,35,ResNet,random,0.5,35,1
769,35,ViT,healthy,0.5,35,1
769,35,ResNet,healthy,0.5,35,1
769,35,ViT,disease,0.75,35,1
769,35,ResNet,disease,0.75,35,1
769,35,ViT,random,0.75,35,1
769,35,ResNet,random,0.75,35,1
769,35,ViT,healthy,0.75,35,1
769,35,ResNet,healthy,0.75,35,1
1009,35,ViT,original,0.0,35,1
1009,35,ResNet,original,0.0,35,1
1009,35,ViT,disease,0.25,35,1
1009,35,ResNet,disease,0.25,35,1
1009,35,ViT,random,0.25,35,1
1009,35,ResNet,random,0.25,35,1
1009,35,ViT,healthy,0.25,35,1
1009,35,ResNet,healthy,0.25,34,0
1009,35,ViT,disease,0.5,35,1
1009,35,ResNet,disease,0.5,35,1
1009,35,ViT,random,0.5,35,1
1009,35,ResNet,random,0.5,36,0
1009,35,ViT,healthy,0.5,32,0
1009,35,ResNet,healthy,0.5,16,0
1009,35,ViT,disease,0.75,35,1
1009,35,ResNet,disease,0.75,35,1
1009,35,ViT,random,0.75,35,1
1009,35,ResNet,random,0.75,36,0
1009,35,ViT,healthy,0.75,32,0
1009,35,ResNet,healthy,0.75,16,0
923,35,ViT,original,0.0,35,1
923,35,ResNet,original,0.0,35,1
923,35,ViT,disease,0.25,35,1
923,35,ResNet,disease,0.25,35,1
923,35,ViT,random,0.25,35,1
923,35,ResNet,random,0.25,35,1
923,35,ViT,healthy,0.25,35,1
923,35,ResNet,healthy,0.25,35,1
923,35,ViT,disease,0.5,35,1
923,35,ResNet,disease,0.5,35,1
923,35,ViT,random,0.5,35,1
923,35,ResNet,random,0.5,35,1
923,35,ViT,healthy,0.5,35,1
923,35,ResNet,healthy,0.5,35,1
923,35,ViT,disease,0.75,35,1
923,35,ResNet,disease,0.75,35,1
923,35,ViT,random,0.75,35,1
923,35,ResNet,random,0.75,35,1
923,35,ViT,healthy,0.75,35,1
923,35,ResNet,healthy,0.75,35,1
211,36,ViT,original,0.0,36,1
211,36,ResNet,original,0.0,36,1
211,36,ViT,disease,0.25,36,1
211,36,ResNet,disease,0.25,36,1
211,36,ViT,random,0.25,36,1
211,36,ResNet,random,0.25,36,1
211,36,ViT,healthy,0.25,36,1
211,36,ResNet,healthy,0.25,36,1
211,36,ViT,disease,0.5,36,1
211,36,ResNet,disease,0.5,36,1
211,36,ViT,random,0.5,36,1
211,36,ResNet,random,0.5,36,1
211,36,ViT,healthy,0.5,37,0
211,36,ResNet,healthy,0.5,17,0
211,36,ViT,disease,0.75,36,1
211,36,ResNet,disease,0.75,36,1
211,36,ViT,random,0.75,36,1
211,36,ResNet,random,0.75,36,1
211,36,ViT,healthy,0.75,37,0
211,36,ResNet,healthy,0.75,17,0
885,36,ViT,original,0.0,36,1
885,36,ResNet,original,0.0,36,1
885,36,ViT,disease,0.25,36,1
885,36,ResNet,disease,0.25,36,1
885,36,ViT,random,0.25,36,1
885,36,ResNet,random,0.25,36,1
885,36,ViT,healthy,0.25,37,0
885,36,ResNet,healthy,0.25,37,0
885,36,ViT,disease,0.5,36,1
885,36,ResNet,disease,0.5,36,1
885,36,ViT,random,0.5,36,1
885,36,ResNet,random,0.5,36,1
885,36,ViT,healthy,0.5,36,1
885,36,ResNet,healthy,0.5,14,0
885,36,ViT,disease,0.75,36,1
885,36,ResNet,disease,0.75,36,1
885,36,ViT,random,0.75,30,0
885,36,ResNet,random,0.75,36,1
885,36,ViT,healthy,0.75,36,1
885,36,ResNet,healthy,0.75,14,0
340,36,ViT,original,0.0,36,1
340,36,ResNet,original,0.0,36,1
340,36,ViT,disease,0.25,36,1
340,36,ResNet,disease,0.25,36,1
340,36,ViT,random,0.25,36,1
340,36,ResNet,random,0.25,36,1
340,36,ViT,healthy,0.25,36,1
340,36,ResNet,healthy,0.25,36,1
340,36,ViT,disease,0.5,36,1
340,36,ResNet,disease,0.5,36,1
340,36,ViT,random,0.5,36,1
340,36,ResNet,random,0.5,36,1
340,36,ViT,healthy,0.5,36,1
340,36,ResNet,healthy,0.5,32,0
340,36,ViT,disease,0.75,36,1
340,36,ResNet,disease,0.75,36,1
340,36,ViT,random,0.75,36,1
340,36,ResNet,random,0.75,36,1
340,36,ViT,healthy,0.75,32,0
340,36,ResNet,healthy,0.75,13,0
78,36,ViT,original,0.0,36,1
78,36,ResNet,original,0.0,36,1
78,36,ViT,disease,0.25,36,1
78,36,ResNet,disease,0.25,36,1
78,36,ViT,random,0.25,36,1
78,36,ResNet,random,0.25,36,1
78,36,ViT,healthy,0.25,37,0
78,36,ResNet,healthy,0.25,32,0
78,36,ViT,disease,0.5,36,1
78,36,ResNet,disease,0.5,36,1
78,36,ViT,random,0.5,36,1
78,36,ResNet,random,0.5,36,1
78,36,ViT,healthy,0.5,37,0
78,36,ResNet,healthy,0.5,8,0
78,36,ViT,disease,0.75,36,1
78,36,ResNet,disease,0.75,36,1
78,36,ViT,random,0.75,37,0
78,36,ResNet,random,0.75,36,1
78,36,ViT,healthy,0.75,37,0
78,36,ResNet,healthy,0.75,8,0
