class,vit_only_correct,resnet_only_correct
Tomato___Early_blight,20,0
Tomato___Late_blight,11,2
Tomato___healthy,11,0
Tomato___Septoria_leaf_spot,9,0
"Pepper,_bell___Bacterial_spot",8,0
Tomato___Spider_mites Two-spotted_spider_mite,7,0
Tomato___Bacterial_spot,7,0
Corn_(maize)___Northern_Leaf_Blight,6,0
Tomato___Target_Spot,6,0
Potato___Late_blight,4,0
Grape___Black_rot,4,0
Apple___Apple_scab,4,0
Corn_(maize)___Cercospora_leaf_spot Gray_leaf_spot,4,1
Tomato___Tomato_Yellow_Leaf_Curl_Virus,3,0
Peach___Bacterial_spot,3,0
Apple___Black_rot,2,0
Potato___Early_blight,2,1
Apple___healthy,2,0
Grape___Esca_(Black_Measles),2,0
Tomato___Leaf_Mold,1,0
Blueberry___healthy,1,0
Strawberry___Leaf_scorch,1,0
"Pepper,_bell___healthy",1,0
Corn_(maize)___Common_rust_,1,0
Tomato___Tomato_mosaic_virus,1,0
Orange___Haunglongbing_(Citrus_greening),1,0
Cherry_(including_sour)___Powdery_mildew,0,0
Apple___Cedar_apple_rust,0,0
Cherry_(including_sour)___healthy,0,0
Grape___Leaf_blight_(Isariopsis_Leaf_Spot),0,0
Grape___healthy,0,0
Peach___healthy,0,0
Corn_(maize)___healthy,0,0
Strawberry___healthy,0,0
Potato___healthy,0,0
Raspberry___healthy,0,0
Soybean___healthy,0,0
Squash___Powdery_mildew,0,0
